[
  {
    "_id": "101",
    "pharmacy": "1",
    "patientName": "류하늘",
    "patientId": "990826-2******",
    "prescriptionDate": "2024-09-01T07:31:57.841Z",
    "requestDate": "2025-03-31T05:24:09.146Z",
    "status": "requested",
    "notes": "",
    "updatedAt": "2025-03-31T05:39:09.146Z"
  },
  {
    "_id": "102",
    "pharmacy": "1",
    "patientName": "민경수",
    "patientId": "1040503-2******",
    "prescriptionDate": "2024-04-05T09:56:50.413Z",
    "requestDate": "2025-03-14T03:42:07.493Z",
    "status": "processing",
    "notes": "",
    "updatedAt": "2025-03-14T03:57:07.493Z",
    "staffAssigned": "박직원"
  },
  {
    "_id": "103",
    "pharmacy": "1",
    "patientName": "김재원",
    "patientId": "820325-2******",
    "prescriptionDate": "2024-04-13T16:10:11.898Z",
    "requestDate": "2025-04-04T18:03:58.478Z",
    "status": "requested",
    "notes": "",
    "updatedAt": "2025-04-04T18:18:58.478Z"
  },
  {
    "_id": "104",
    "pharmacy": "1",
    "patientName": "권영철",
    "patientId": "800717-2******",
    "prescriptionDate": "2024-09-27T14:52:09.648Z",
    "requestDate": "2025-03-28T00:03:22.055Z",
    "status": "completed",
    "notes": "환자가 처방전 사본을 요청했습니다.",
    "updatedAt": "2025-03-28T13:50:57.523Z",
    "staffAssigned": "정담당자",
    "responseDate": "2025-03-28T13:50:57.523Z",
    "prescriptionImage": "/uploads/prescription_sample.jpg"
  },
  {
    "_id": "105",
    "pharmacy": "1",
    "patientName": "이민영",
    "patientId": "1081005-2******",
    "prescriptionDate": "2024-11-26T11:25:58.274Z",
    "requestDate": "2025-03-23T22:51:31.234Z",
    "status": "completed",
    "notes": "약품명도 함께 확인 부탁드립니다.",
    "updatedAt": "2025-03-25T00:21:21.458Z",
    "staffAssigned": "이매니저",
    "responseDate": "2025-03-25T00:21:21.458Z",
    "prescriptionImage": "/uploads/prescription_sample.jpg"
  },
  {
    "_id": "106",
    "pharmacy": "1",
    "patientName": "조수민",
    "patientId": "910524-2******",
    "prescriptionDate": "2024-04-15T14:02:12.998Z",
    "requestDate": "2025-03-27T17:43:52.249Z",
    "status": "completed",
    "notes": "진료확인서와 함께 필요합니다.",
    "updatedAt": "2025-03-28T16:17:43.757Z",
    "staffAssigned": "이매니저",
    "responseDate": "2025-03-28T16:17:43.757Z",
    "prescriptionImage": "/uploads/prescription_sample.jpg"
  },
  {
    "_id": "107",
    "pharmacy": "1",
    "patientName": "서진호",
    "patientId": "1070202-1******",
    "prescriptionDate": "2024-05-02T10:36:37.979Z",
    "requestDate": "2025-03-25T17:09:07.887Z",
    "status": "processing",
    "notes": "진료확인서와 함께 필요합니다.",
    "updatedAt": "2025-03-25T17:24:07.887Z",
    "staffAssigned": "이매니저"
  },
  {
    "_id": "108",
    "pharmacy": "1",
    "patientName": "장준호",
    "patientId": "1010804-1******",
    "prescriptionDate": "2024-10-15T04:11:42.991Z",
    "requestDate": "2025-04-05T03:08:57.912Z",
    "status": "requested",
    "notes": "처방 내역 확인이 필요합니다.",
    "updatedAt": "2025-04-05T03:23:57.912Z"
  },
  {
    "_id": "109",
    "pharmacy": "1",
    "patientName": "견은지",
    "patientId": "990102-1******",
    "prescriptionDate": "2024-06-15T23:59:49.857Z",
    "requestDate": "2025-04-05T09:35:05.156Z",
    "status": "requested",
    "notes": "",
    "updatedAt": "2025-04-05T09:50:05.156Z"
  },
  {
    "_id": "110",
    "pharmacy": "1",
    "patientName": "윤서영",
    "patientId": "861101-2******",
    "prescriptionDate": "2025-01-16T22:15:22.894Z",
    "requestDate": "2025-03-31T20:30:16.414Z",
    "status": "completed",
    "notes": "특정 약품 용량 확인이 필요합니다.",
    "updatedAt": "2025-04-02T01:03:55.199Z",
    "staffAssigned": "이매니저",
    "responseDate": "2025-04-02T01:03:55.199Z",
    "prescriptionImage": "/uploads/prescription_sample.jpg"
  },
  {
    "_id": "111",
    "pharmacy": "1",
    "patientName": "류하늘",
    "patientId": "890908-1******",
    "prescriptionDate": "2025-03-06T16:36:30.828Z",
    "requestDate": "2025-04-01T07:59:45.208Z",
    "status": "completed",
    "notes": "",
    "updatedAt": "2025-04-01T20:54:04.575Z",
    "staffAssigned": "박직원",
    "responseDate": "2025-04-01T20:54:04.575Z",
    "prescriptionImage": "/uploads/prescription_sample.jpg"
  },
  {
    "_id": "112",
    "pharmacy": "1",
    "patientName": "하선영",
    "patientId": "840509-1******",
    "prescriptionDate": "2024-10-10T21:49:22.760Z",
    "requestDate": "2025-03-22T13:39:34.787Z",
    "status": "requested",
    "notes": "원본 분실로 인한 재발급 요청입니다.",
    "updatedAt": "2025-03-22T13:54:34.787Z"
  },
  {
    "_id": "113",
    "pharmacy": "1",
    "patientName": "박준영",
    "patientId": "870610-2******",
    "prescriptionDate": "2024-06-26T01:56:53.939Z",
    "requestDate": "2025-03-10T07:02:07.800Z",
    "status": "not_found",
    "notes": "재발급 처리 필요합니다.",
    "updatedAt": "2025-03-10T13:08:18.713Z",
    "staffAssigned": "최직원",
    "responseDate": "2025-03-10T13:08:18.713Z"
  },
  {
    "_id": "114",
    "pharmacy": "1",
    "patientName": "류하늘",
    "patientId": "831218-1******",
    "prescriptionDate": "2024-09-30T10:12:12.382Z",
    "requestDate": "2025-03-29T20:40:29.080Z",
    "status": "completed",
    "notes": "환자가 처방전 사본을 요청했습니다.",
    "updatedAt": "2025-03-31T00:52:41.114Z",
    "staffAssigned": "최직원",
    "responseDate": "2025-03-31T00:52:41.114Z",
    "prescriptionImage": "/uploads/prescription_sample.jpg"
  },
  {
    "_id": "115",
    "pharmacy": "1",
    "patientName": "허지원",
    "patientId": "920104-2******",
    "prescriptionDate": "2024-10-26T06:48:36.416Z",
    "requestDate": "2025-04-05T04:25:56.333Z",
    "status": "requested",
    "notes": "재발급 처리 필요합니다.",
    "updatedAt": "2025-04-05T04:40:56.333Z"
  },
  {
    "_id": "116",
    "pharmacy": "1",
    "patientName": "전민수",
    "patientId": "1021211-1******",
    "prescriptionDate": "2025-01-27T13:07:31.430Z",
    "requestDate": "2025-04-06T00:02:43.017Z",
    "status": "completed",
    "notes": "특정 약품 용량 확인이 필요합니다.",
    "updatedAt": "2025-04-06T22:04:50.428Z",
    "staffAssigned": "박직원",
    "responseDate": "2025-04-06T22:04:50.428Z",
    "prescriptionImage": "/uploads/prescription_sample.jpg"
  },
  {
    "_id": "117",
    "pharmacy": "1",
    "patientName": "김민수",
    "patientId": "1050817-2******",
    "prescriptionDate": "2024-05-29T15:22:12.767Z",
    "requestDate": "2025-04-03T06:25:39.657Z",
    "status": "requested",
    "notes": "처방 내역 확인이 필요합니다.",
    "updatedAt": "2025-04-03T06:40:39.657Z"
  },
  {
    "_id": "118",
    "pharmacy": "1",
    "patientName": "한수민",
    "patientId": "950326-1******",
    "prescriptionDate": "2024-08-12T08:31:12.132Z",
    "requestDate": "2025-03-13T09:38:19.295Z",
    "status": "requested",
    "notes": "진료확인서와 함께 필요합니다.",
    "updatedAt": "2025-03-13T09:53:19.295Z"
  },
  {
    "_id": "119",
    "pharmacy": "1",
    "patientName": "한수민",
    "patientId": "900916-1******",
    "prescriptionDate": "2025-02-12T11:45:32.387Z",
    "requestDate": "2025-03-28T06:02:58.639Z",
    "status": "requested",
    "notes": "원본 분실로 인한 재발급 요청입니다.",
    "updatedAt": "2025-03-28T06:17:58.639Z"
  },
  {
    "_id": "120",
    "pharmacy": "1",
    "patientName": "신동욱",
    "patientId": "1091128-1******",
    "prescriptionDate": "2024-07-10T00:59:36.387Z",
    "requestDate": "2025-03-25T23:16:21.868Z",
    "status": "processing",
    "notes": "원본 분실로 인한 재발급 요청입니다.",
    "updatedAt": "2025-03-25T23:31:21.868Z",
    "staffAssigned": "김담당"
  }
]