[
  {
    "_id": "201",
    "boxId": "BOX-202205-001",
    "pharmacy": "1",
    "startDate": "2022-05-12T20:21:16.317Z",
    "endDate": "2022-06-05T02:25:31.920Z",
    "count": 2901,
    "status": "active",
    "location": "C-310",
    "createdAt": "2022-06-05T02:25:31.920Z",
    "updatedAt": "2022-06-06T02:25:31.920Z"
  },
  {
    "_id": "202",
    "boxId": "BOX-202304-002",
    "pharmacy": "1",
    "startDate": "2023-04-19T06:14:16.613Z",
    "endDate": "2023-05-16T00:33:29.250Z",
    "count": 3420,
    "status": "destroyed",
    "location": "B-301",
    "createdAt": "2023-05-16T00:33:29.250Z",
    "updatedAt": "2023-05-17T00:33:29.250Z"
  },
  {
    "_id": "203",
    "boxId": "BOX-202312-003",
    "pharmacy": "1",
    "startDate": "2023-12-17T09:59:45.234Z",
    "endDate": "2024-01-06T09:40:31.284Z",
    "count": 3234,
    "status": "active",
    "location": "C-702",
    "createdAt": "2024-01-06T09:40:31.284Z",
    "updatedAt": "2024-01-07T09:40:31.284Z"
  },
  {
    "_id": "204",
    "boxId": "BOX-202302-004",
    "pharmacy": "2",
    "startDate": "2023-02-12T13:19:05.623Z",
    "endDate": "2023-02-25T17:02:00.966Z",
    "count": 2764,
    "status": "active",
    "location": "E-602",
    "createdAt": "2023-02-25T17:02:00.966Z",
    "updatedAt": "2023-02-26T17:02:00.966Z"
  },
  {
    "_id": "205",
    "boxId": "BOX-202501-005",
    "pharmacy": "3",
    "startDate": "2025-01-18T08:37:51.563Z",
    "endDate": "2025-02-04T04:38:06.566Z",
    "count": 2845,
    "status": "active",
    "location": "B-305",
    "createdAt": "2025-02-04T04:38:06.566Z",
    "updatedAt": "2025-02-05T04:38:06.566Z"
  },
  {
    "_id": "206",
    "boxId": "BOX-202206-006",
    "pharmacy": "3",
    "startDate": "2022-06-09T04:52:18.753Z",
    "endDate": "2022-07-06T07:24:09.908Z",
    "count": 3428,
    "status": "active",
    "location": "E-1004",
    "createdAt": "2022-07-06T07:24:09.908Z",
    "updatedAt": "2022-07-07T07:24:09.908Z"
  },
  {
    "_id": "207",
    "boxId": "BOX-202208-007",
    "pharmacy": "3",
    "startDate": "2022-08-29T10:01:57.173Z",
    "endDate": "2022-09-06T12:18:26.997Z",
    "count": 3445,
    "status": "archived",
    "location": "E-504",
    "createdAt": "2022-09-06T12:18:26.997Z",
    "updatedAt": "2022-09-07T12:18:26.997Z"
  },
  {
    "_id": "208",
    "boxId": "BOX-202210-008",
    "pharmacy": "2",
    "startDate": "2022-10-10T18:13:33.182Z",
    "endDate": "2022-10-28T09:19:24.265Z",
    "count": 3209,
    "status": "active",
    "location": "D-305",
    "createdAt": "2022-10-28T09:19:24.265Z",
    "updatedAt": "2022-10-29T09:19:24.265Z"
  },
  {
    "_id": "209",
    "boxId": "BOX-202309-009",
    "pharmacy": "2",
    "startDate": "2023-09-15T05:59:09.170Z",
    "endDate": "2023-09-16T08:24:21.393Z",
    "count": 2660,
    "status": "active",
    "location": "A-407",
    "createdAt": "2023-09-16T08:24:21.393Z",
    "updatedAt": "2023-09-17T08:24:21.393Z"
  },
  {
    "_id": "210",
    "boxId": "BOX-202207-010",
    "pharmacy": "2",
    "startDate": "2022-07-11T04:33:13.522Z",
    "endDate": "2022-07-13T11:31:40.979Z",
    "count": 3423,
    "status": "archived",
    "location": "D-401",
    "createdAt": "2022-07-13T11:31:40.979Z",
    "updatedAt": "2022-07-14T11:31:40.979Z"
  },
  {
    "_id": "211",
    "boxId": "BOX-202404-011",
    "pharmacy": "1",
    "startDate": "2024-04-29T01:18:23.857Z",
    "endDate": "2024-04-30T01:45:48.968Z",
    "count": 2567,
    "status": "active",
    "location": "E-710",
    "createdAt": "2024-04-30T01:45:48.968Z",
    "updatedAt": "2024-05-01T01:45:48.968Z"
  },
  {
    "_id": "212",
    "boxId": "BOX-202408-012",
    "pharmacy": "2",
    "startDate": "2024-08-28T20:30:17.440Z",
    "endDate": "2024-09-08T19:49:19.791Z",
    "count": 2622,
    "status": "archived",
    "location": "D-204",
    "createdAt": "2024-09-08T19:49:19.791Z",
    "updatedAt": "2024-09-09T19:49:19.791Z"
  },
  {
    "_id": "213",
    "boxId": "BOX-202303-013",
    "pharmacy": "1",
    "startDate": "2023-02-28T19:25:42.603Z",
    "endDate": "2023-03-18T01:18:15.004Z",
    "count": 2551,
    "status": "active",
    "location": "A-307",
    "createdAt": "2023-03-18T01:18:15.004Z",
    "updatedAt": "2023-03-19T01:18:15.004Z"
  },
  {
    "_id": "214",
    "boxId": "BOX-202411-014",
    "pharmacy": "1",
    "startDate": "2024-11-22T01:50:48.384Z",
    "endDate": "2024-11-24T12:02:03.703Z",
    "count": 2962,
    "status": "active",
    "location": "A-909",
    "createdAt": "2024-11-24T12:02:03.703Z",
    "updatedAt": "2024-11-25T12:02:03.703Z"
  },
  {
    "_id": "215",
    "boxId": "BOX-202405-015",
    "pharmacy": "1",
    "startDate": "2024-05-16T15:44:25.759Z",
    "endDate": "2024-05-18T05:30:57.810Z",
    "count": 2982,
    "status": "archived",
    "location": "A-705",
    "createdAt": "2024-05-18T05:30:57.810Z",
    "updatedAt": "2024-05-19T05:30:57.810Z"
  }
]