[
  {
    "_id": "1",
    "pharmacy": "1",
    "requestDate": "2025-03-30T00:38:34.088Z",
    "status": "requested",
    "notes": "처방전이 많아서 빠른 수거 부탁드립니다.",
    "updatedAt": "2025-03-30T00:53:34.088Z"
  },
  {
    "_id": "2",
    "pharmacy": "1",
    "requestDate": "2025-03-20T19:43:59.407Z",
    "status": "completed",
    "notes": "오전에 방문 부탁드립니다.",
    "updatedAt": "2025-03-22T19:56:01.376Z",
    "expectedVisitDate": "2025-03-22T00:46:43.220Z",
    "staffAssigned": "김담당",
    "completedDate": "2025-03-22T19:56:01.376Z"
  },
  {
    "_id": "3",
    "pharmacy": "1",
    "requestDate": "2025-04-03T12:15:07.574Z",
    "status": "completed",
    "notes": "약국 내부 리모델링 중이라 주의해주세요.",
    "updatedAt": "2025-04-05T15:50:40.999Z",
    "expectedVisitDate": "2025-04-05T07:19:41.175Z",
    "staffAssigned": "정담당자",
    "completedDate": "2025-04-05T15:50:40.999Z"
  },
  {
    "_id": "4",
    "pharmacy": "1",
    "requestDate": "2025-03-19T15:10:27.484Z",
    "status": "requested",
    "notes": "처방전이 많아서 빠른 수거 부탁드립니다.",
    "updatedAt": "2025-03-19T15:25:27.484Z"
  },
  {
    "_id": "5",
    "pharmacy": "1",
    "requestDate": "2025-03-06T23:48:07.138Z",
    "status": "completed",
    "notes": "담당 약사가 직접 전달할 예정입니다.",
    "updatedAt": "2025-03-10T13:33:28.638Z",
    "expectedVisitDate": "2025-03-10T04:41:59.505Z",
    "staffAssigned": "박직원",
    "completedDate": "2025-03-10T13:33:28.638Z"
  },
  {
    "_id": "6",
    "pharmacy": "1",
    "requestDate": "2025-04-04T01:30:20.848Z",
    "status": "completed",
    "notes": "처방전이 많아서 빠른 수거 부탁드립니다.",
    "updatedAt": "2025-04-08T01:01:47.136Z",
    "expectedVisitDate": "2025-04-07T21:35:36.907Z",
    "staffAssigned": "정담당자",
    "completedDate": "2025-04-08T01:01:47.136Z"
  },
  {
    "_id": "7",
    "pharmacy": "1",
    "requestDate": "2025-03-28T17:21:34.823Z",
    "status": "cancelled",
    "notes": "담당 약사가 직접 전달할 예정입니다.",
    "updatedAt": "2025-03-28T17:36:34.823Z"
  },
  {
    "_id": "8",
    "pharmacy": "1",
    "requestDate": "2025-03-29T10:36:09.695Z",
    "status": "requested",
    "notes": "박스 3개 분량입니다.",
    "updatedAt": "2025-03-29T10:51:09.695Z"
  },
  {
    "_id": "9",
    "pharmacy": "1",
    "requestDate": "2025-03-29T14:10:26.364Z",
    "status": "completed",
    "notes": "담당 약사가 직접 전달할 예정입니다.",
    "updatedAt": "2025-04-02T01:53:08.238Z",
    "expectedVisitDate": "2025-04-01T13:14:19.742Z",
    "staffAssigned": "이매니저",
    "completedDate": "2025-04-02T01:53:08.238Z"
  },
  {
    "_id": "10",
    "pharmacy": "1",
    "requestDate": "2025-02-27T15:45:56.885Z",
    "status": "requested",
    "notes": "담당 약사가 직접 전달할 예정입니다.",
    "updatedAt": "2025-02-27T16:00:56.885Z"
  },
  {
    "_id": "11",
    "pharmacy": "1",
    "requestDate": "2025-02-14T04:34:55.200Z",
    "status": "scheduled",
    "notes": "오후 3시 이후 방문 부탁드립니다.",
    "updatedAt": "2025-02-14T04:49:55.200Z",
    "expectedVisitDate": "2025-02-16T13:05:53.881Z",
    "staffAssigned": "이매니저"
  },
  {
    "_id": "12",
    "pharmacy": "1",
    "requestDate": "2025-03-21T12:55:12.679Z",
    "status": "completed",
    "notes": "오후 3시 이후 방문 부탁드립니다.",
    "updatedAt": "2025-03-27T01:57:26.849Z",
    "expectedVisitDate": "2025-03-26T08:05:59.492Z",
    "staffAssigned": "김담당",
    "completedDate": "2025-03-27T01:57:26.849Z"
  },
  {
    "_id": "13",
    "pharmacy": "1",
    "requestDate": "2025-03-23T10:54:31.408Z",
    "status": "scheduled",
    "notes": "처방전 보관함에 정리해두었습니다.",
    "updatedAt": "2025-03-23T11:09:31.408Z",
    "expectedVisitDate": "2025-03-23T15:30:59.926Z",
    "staffAssigned": "정담당자"
  },
  {
    "_id": "14",
    "pharmacy": "1",
    "requestDate": "2025-03-07T10:40:25.977Z",
    "status": "requested",
    "notes": "오후 3시 이후 방문 부탁드립니다.",
    "updatedAt": "2025-03-07T10:55:25.977Z"
  },
  {
    "_id": "15",
    "pharmacy": "1",
    "requestDate": "2025-02-20T06:15:25.209Z",
    "status": "scheduled",
    "notes": "담당 약사가 직접 전달할 예정입니다.",
    "updatedAt": "2025-02-20T06:30:25.209Z",
    "expectedVisitDate": "2025-02-22T18:44:24.236Z",
    "staffAssigned": "이매니저"
  },
  {
    "_id": "16",
    "pharmacy": "1",
    "requestDate": "2025-03-21T12:49:31.496Z",
    "status": "scheduled",
    "notes": "오후 3시 이후 방문 부탁드립니다.",
    "updatedAt": "2025-03-21T13:04:31.496Z",
    "expectedVisitDate": "2025-03-25T06:17:34.787Z",
    "staffAssigned": "김담당"
  },
  {
    "_id": "17",
    "pharmacy": "1",
    "requestDate": "2025-02-10T16:50:43.720Z",
    "status": "scheduled",
    "notes": "처방전 보관함에 정리해두었습니다.",
    "updatedAt": "2025-02-10T17:05:43.720Z",
    "expectedVisitDate": "2025-02-11T18:40:01.600Z",
    "staffAssigned": "정담당자"
  },
  {
    "_id": "18",
    "pharmacy": "1",
    "requestDate": "2025-03-02T20:13:06.809Z",
    "status": "requested",
    "notes": "오전에 방문 부탁드립니다.",
    "updatedAt": "2025-03-02T20:28:06.809Z"
  },
  {
    "_id": "19",
    "pharmacy": "1",
    "requestDate": "2025-04-02T16:12:56.695Z",
    "status": "completed",
    "notes": "",
    "updatedAt": "2025-04-02T21:54:11.686Z",
    "expectedVisitDate": "2025-04-02T16:18:03.060Z",
    "staffAssigned": "박직원",
    "completedDate": "2025-04-02T21:54:11.686Z"
  },
  {
    "_id": "20",
    "pharmacy": "1",
    "requestDate": "2025-02-13T04:15:31.136Z",
    "status": "completed",
    "notes": "",
    "updatedAt": "2025-02-17T00:14:42.254Z",
    "expectedVisitDate": "2025-02-16T08:36:19.036Z",
    "staffAssigned": "박직원",
    "completedDate": "2025-02-17T00:14:42.254Z"
  },
  {
    "_id": "21",
    "pharmacy": "1",
    "requestDate": "2025-03-22T02:40:27.162Z",
    "status": "cancelled",
    "notes": "담당 약사가 직접 전달할 예정입니다.",
    "updatedAt": "2025-03-22T02:55:27.162Z"
  },
  {
    "_id": "22",
    "pharmacy": "1",
    "requestDate": "2025-02-14T06:25:01.165Z",
    "status": "requested",
    "notes": "박스 3개 분량입니다.",
    "updatedAt": "2025-02-14T06:40:01.165Z"
  },
  {
    "_id": "23",
    "pharmacy": "1",
    "requestDate": "2025-03-16T23:37:43.218Z",
    "status": "requested",
    "notes": "",
    "updatedAt": "2025-03-16T23:52:43.218Z"
  },
  {
    "_id": "24",
    "pharmacy": "1",
    "requestDate": "2025-03-16T17:11:44.593Z",
    "status": "scheduled",
    "notes": "약국 내부 리모델링 중이라 주의해주세요.",
    "updatedAt": "2025-03-16T17:26:44.593Z",
    "expectedVisitDate": "2025-03-21T05:37:01.151Z",
    "staffAssigned": "이매니저"
  },
  {
    "_id": "25",
    "pharmacy": "1",
    "requestDate": "2025-03-06T08:26:12.630Z",
    "status": "completed",
    "notes": "박스 3개 분량입니다.",
    "updatedAt": "2025-03-11T07:17:35.033Z",
    "expectedVisitDate": "2025-03-10T23:01:55.961Z",
    "staffAssigned": "박직원",
    "completedDate": "2025-03-11T07:17:35.033Z"
  },
  {
    "_id": "26",
    "pharmacy": "1",
    "requestDate": "2025-03-25T22:04:40.575Z",
    "status": "cancelled",
    "notes": "비가 올 예정이라 비닐 포장 부탁드려요.",
    "updatedAt": "2025-03-25T22:19:40.575Z"
  },
  {
    "_id": "27",
    "pharmacy": "1",
    "requestDate": "2025-04-03T06:19:39.432Z",
    "status": "completed",
    "notes": "비가 올 예정이라 비닐 포장 부탁드려요.",
    "updatedAt": "2025-04-07T09:42:27.998Z",
    "expectedVisitDate": "2025-04-07T07:09:50.766Z",
    "staffAssigned": "정담당자",
    "completedDate": "2025-04-07T09:42:27.998Z"
  },
  {
    "_id": "28",
    "pharmacy": "1",
    "requestDate": "2025-03-25T05:03:34.228Z",
    "status": "completed",
    "notes": "오후 3시 이후 방문 부탁드립니다.",
    "updatedAt": "2025-03-29T17:03:49.091Z",
    "expectedVisitDate": "2025-03-28T22:00:25.931Z",
    "staffAssigned": "이매니저",
    "completedDate": "2025-03-29T17:03:49.091Z"
  },
  {
    "_id": "29",
    "pharmacy": "1",
    "requestDate": "2025-04-04T07:27:51.072Z",
    "status": "completed",
    "notes": "처방전이 많아서 빠른 수거 부탁드립니다.",
    "updatedAt": "2025-04-04T21:23:16.481Z",
    "expectedVisitDate": "2025-04-04T08:23:14.409Z",
    "staffAssigned": "김담당",
    "completedDate": "2025-04-04T21:23:16.481Z"
  },
  {
    "_id": "30",
    "pharmacy": "1",
    "requestDate": "2025-03-17T14:07:45.954Z",
    "status": "cancelled",
    "notes": "처방전이 많아서 빠른 수거 부탁드립니다.",
    "updatedAt": "2025-03-17T14:22:45.954Z"
  }
]